id,first_name,last_name,email,gender
1,Chrisy,Kildea,ckildea0@cdc.gov,Male
2,Ophelie,Fansy,ofansy1@miibeian.gov.cn,Female
3,Artie,Southerill,asoutherill2@who.int,Male
4,Aimee,McCloud,amccloud3@stumbleupon.com,Female
5,Meggi,Placidi,mplacidi4@bravesites.com,Female
6,Robbin,Chalker,rchalker5@ebay.co.uk,Female
7,Fraser,Tukely,ftukely6@youku.com,Male
8,Berthe,Hurch,bhurch7@techcrunch.com,Genderfluid
9,Rosanna,Keemer,rkeemer8@shop-pro.jp,Bigender
10,Jareb,Corbally,jcorbally9@dedecms.com,Male
11,De witt,Lattimer,dlattimera@google.nl,Male
12,Odelinda,Shakspeare,oshakspeareb@histats.com,Female
13,Sanders,Kinvan,skinvanc@addthis.com,Male
14,Sandor,Pickburn,spickburnd@whitehouse.gov,Male
15,Livia,Itskovitz,litskovitze@ted.com,Female
16,Dael,Clemence,dclemencef@infoseek.co.jp,Female
17,Cassy,Andreoletti,candreolettig@cafepress.com,Female
18,Marietta,Elsmore,melsmoreh@wordpress.org,Male
19,Erasmus,Coles,ecolesi@samsung.com,Male
20,Gennie,Dubbin,gdubbinj@hud.gov,Female
21,Stephi,Fowlds,sfowldsk@rakuten.co.jp,Female
22,Pedro,Bowton,pbowtonl@aol.com,Male
23,Shaun,Shire,sshirem@domainmarket.com,Female
24,Sibella,Asling,saslingn@utexas.edu,Non-binary
25,Mayor,Bim,mbimo@naver.com,Male
26,Skippie,Troy,stroyp@multiply.com,Male
27,Fionnula,Bedin,fbedinq@techcrunch.com,Female
28,Lalo,Kenwood,lkenwoodr@microsoft.com,Male
29,Max,Lober,mlobers@guardian.co.uk,Male
30,Holden,Alderwick,halderwickt@businessinsider.com,Male
31,Aldridge,Robinet,arobinetu@noaa.gov,Male
32,Shoshana,Gaiter,sgaiterv@arizona.edu,Female
33,Kalle,Winspear,kwinspearw@kickstarter.com,Male
34,Torre,Leadbetter,tleadbetterx@1688.com,Male
35,Ivory,Stapforth,istapforthy@nydailynews.com,Female
36,Gracia,Dinneges,gdinnegesz@msn.com,Bigender
37,Fredek,McEniry,fmceniry10@smh.com.au,Male
38,Dyana,Motte,dmotte11@etsy.com,Female
39,Ginger,Duinkerk,gduinkerk12@google.co.jp,Female
40,Waite,MacCafferky,wmaccafferky13@comsenz.com,Polygender
41,Findlay,Mulqueeny,fmulqueeny14@parallels.com,Male
42,Maris,Broomhead,mbroomhead15@dailymotion.com,Female
43,Whittaker,Rushe,wrushe16@reverbnation.com,Male
44,Kin,Kiff,kkiff17@yelp.com,Male
45,Tory,Bernadon,tbernadon18@ask.com,Female
46,Daisi,Risman,drisman19@last.fm,Female
47,Warden,Blakes,wblakes1a@360.cn,Male
48,Caroljean,Bowery,cbowery1b@imgur.com,Female
49,Jerrylee,Andover,jandover1c@unc.edu,Female
50,Artair,Gallemore,agallemore1d@sohu.com,Genderqueer
51,Roarke,Muirden,rmuirden1e@hostgator.com,Male
52,Rena,Bode,rbode1f@friendfeed.com,Female
53,Kingston,Mailes,kmailes1g@purevolume.com,Male
54,Anya,Ciani,aciani1h@elpais.com,Female
55,Gigi,Dickens,gdickens1i@hao123.com,Female
56,Tomlin,Ripon,tripon1j@apple.com,Male
57,Tammie,Cutchee,tcutchee1k@pen.io,Agender
58,Bendite,Lavalde,blavalde1l@storify.com,Female
59,Harcourt,Rewbottom,hrewbottom1m@xinhuanet.com,Male
60,Dela,Reyson,dreyson1n@joomla.org,Female
61,Gwenore,Culmer,gculmer1o@symantec.com,Female
62,Esra,Carillo,ecarillo1p@mysql.com,Male
63,Yule,Filipiak,yfilipiak1q@twitter.com,Male
64,Vicky,Bosma,vbosma1r@usgs.gov,Female
65,Carine,Sterre,csterre1s@nasa.gov,Female
66,Vic,Southers,vsouthers1t@foxnews.com,Male
67,August,Yuill,ayuill1u@altervista.org,Male
68,Menard,Plaunch,mplaunch1v@weebly.com,Male
69,Adaline,Sharma,asharma1w@hp.com,Female
70,Worth,Bream,wbream1x@mozilla.com,Male
71,Rickey,Bettesworth,rbettesworth1y@amazon.de,Male
72,Rubie,Brinded,rbrinded1z@de.vu,Female
73,Melany,Mumford,mmumford20@joomla.org,Female
74,Dinny,Beggi,dbeggi21@wikipedia.org,Female
75,Karol,Gruszczak,kgruszczak22@clickbank.net,Bigender
76,Nevins,Sleigh,nsleigh23@dell.com,Male
77,Sharon,Mcmanaman,smcmanaman24@example.com,Female
78,Nevins,Craxford,ncraxford25@a8.net,Genderfluid
79,Revkah,Braunds,rbraunds26@twitter.com,Female
80,Bo,Conley,bconley27@state.gov,Male
81,Arnold,Curner,acurner28@webnode.com,Male
82,Allard,Tippett,atippett29@tripod.com,Male
83,Sawyer,Mack,smack2a@macromedia.com,Non-binary
84,Mirilla,Magarrell,mmagarrell2b@list-manage.com,Female
85,Kingston,Mardall,kmardall2c@sun.com,Genderqueer
86,Addie,Found,afound2d@si.edu,Female
87,Mirna,Coytes,mcoytes2e@ft.com,Female
88,Manfred,Pinchback,mpinchback2f@google.es,Male
89,Bondon,Wing,bwing2g@google.co.uk,Male
90,Abbye,Lunbech,alunbech2h@dmoz.org,Female
91,Antonetta,Tripp,atripp2i@plala.or.jp,Female
92,Cly,Begley,cbegley2j@wordpress.com,Male
93,Ardelle,But,abut2k@mozilla.com,Female
94,Haydon,Houston,hhouston2l@squidoo.com,Genderfluid
95,Lotti,Riccio,lriccio2m@xing.com,Female
96,Alfie,Butting,abutting2n@zdnet.com,Male
97,Grady,St Ange,gstange2o@nasa.gov,Male
98,Gavrielle,Halsted,ghalsted2p@diigo.com,Female
99,Teddi,McGeachie,tmcgeachie2q@hibu.com,Female
100,Eliza,Merrick,emerrick2r@histats.com,Female
101,Ginevra,Tolussi,gtolussi2s@google.cn,Female
102,Dorie,Aldiss,daldiss2t@gnu.org,Male
103,Dot,Jurries,djurries2u@twitter.com,Female
104,Allix,Armell,aarmell2v@pen.io,Female
105,Maia,Syvret,msyvret2w@csmonitor.com,Female
106,Cristiano,Godson,cgodson2x@mashable.com,Male
107,Glynn,Selwood,gselwood2y@usda.gov,Male
108,Ashby,Lenard,alenard2z@typepad.com,Male
109,Kira,Mohammed,kmohammed30@bbc.co.uk,Female
110,Lucinda,Osmond,losmond31@shop-pro.jp,Female
111,Dayle,Wigmore,dwigmore32@delicious.com,Female
112,Burton,Tunkin,btunkin33@imageshack.us,Male
113,Anton,Wreak,awreak34@va.gov,Male
114,Willdon,Haversum,whaversum35@newsvine.com,Male
115,Cam,Badwick,cbadwick36@google.co.jp,Genderfluid
116,Damara,Feenan,dfeenan37@edublogs.org,Female
117,Marlie,Hold,mhold38@diigo.com,Female
118,Hesther,Tomaszewski,htomaszewski39@google.pl,Female
119,Lucas,Partrick,lpartrick3a@xing.com,Male
120,Cordi,McLafferty,cmclafferty3b@diigo.com,Female
121,Florentia,Adanez,fadanez3c@jiathis.com,Female
122,Evelina,Wohlers,ewohlers3d@smugmug.com,Female
123,Carlene,Grzelak,cgrzelak3e@wikia.com,Female
124,Fabiano,Owain,fowain3f@jiathis.com,Male
125,Nichole,McTrustrie,nmctrustrie3g@statcounter.com,Female
126,Pattie,Jilkes,pjilkes3h@utexas.edu,Male
127,Janifer,Varnals,jvarnals3i@trellian.com,Female
128,Dar,Cartmael,dcartmael3j@etsy.com,Male
129,Saxon,Ankrett,sankrett3k@ftc.gov,Male
130,Kenny,Vice,kvice3l@tumblr.com,Male
131,Tim,Wilden,twilden3m@plala.or.jp,Non-binary
132,Sampson,Briscoe,sbriscoe3n@rediff.com,Male
133,Myriam,Mose,mmose3o@mac.com,Female
134,Pip,Wolvey,pwolvey3p@princeton.edu,Male
135,Joel,Lowe,jlowe3q@imdb.com,Male
136,Augie,Drewson,adrewson3r@qq.com,Male
137,Timoteo,Cockshot,tcockshot3s@netlog.com,Agender
138,Dyan,Proske,dproske3t@networkadvertising.org,Female
139,Ham,Kassel,hkassel3u@imgur.com,Male
140,Briny,Shovel,bshovel3v@so-net.ne.jp,Female
141,Caritta,Joncic,cjoncic3w@behance.net,Genderfluid
142,Barnard,Stempe,bstempe3x@seattletimes.com,Male
143,Barrie,Titcom,btitcom3y@issuu.com,Female
144,Laraine,Espadate,lespadate3z@yellowbook.com,Female
145,Coletta,Rabson,crabson40@bloglovin.com,Female
146,Gerhardt,Dayment,gdayment41@google.ca,Male
147,Esdras,de'-Ancy Willis,edeancywillis42@purevolume.com,Male
148,Liva,Fearnside,lfearnside43@engadget.com,Female
149,Sauveur,Southerell,ssoutherell44@elegantthemes.com,Male
150,Cordy,Leaton,cleaton45@istockphoto.com,Male
151,Ransom,Mattersley,rmattersley46@dion.ne.jp,Male
152,Kermie,Castard,kcastard47@ox.ac.uk,Male
153,Velma,Lincke,vlincke48@godaddy.com,Female
154,Lorens,Southcombe,lsouthcombe49@ca.gov,Male
155,Trip,Rosenberger,trosenberger4a@netvibes.com,Male
156,Erica,Insoll,einsoll4b@infoseek.co.jp,Female
157,Brody,Riddles,briddles4c@google.fr,Male
158,Tobie,Tembridge,ttembridge4d@123-reg.co.uk,Male
159,Kerwinn,Gerrey,kgerrey4e@google.es,Male
160,Demetre,Grelka,dgrelka4f@chicagotribune.com,Male
161,Brana,Theurer,btheurer4g@redcross.org,Non-binary
162,Justus,Catanheira,jcatanheira4h@elegantthemes.com,Male
163,Angus,Bortolini,abortolini4i@cmu.edu,Male
164,Lynnelle,Danson,ldanson4j@webs.com,Female
165,Adolphe,Cuthill,acuthill4k@time.com,Male
166,Domeniga,Parmley,dparmley4l@bbc.co.uk,Female
167,Emera,McSaul,emcsaul4m@163.com,Female
168,Georgeanna,Upex,gupex4n@columbia.edu,Female
169,Gaylord,Maltster,gmaltster4o@storify.com,Male
170,Benjamin,Reay,breay4p@nymag.com,Male
171,Shirley,Coy,scoy4q@ebay.co.uk,Female
172,Kevin,Yaus,kyaus4r@fda.gov,Male
173,Karee,Swallow,kswallow4s@pen.io,Female
174,Alie,Kondrachenko,akondrachenko4t@nhs.uk,Polygender
175,Flynn,Cotmore,fcotmore4u@wired.com,Male
176,Margy,Websdale,mwebsdale4v@flickr.com,Female
177,Beth,Arkow,barkow4w@tmall.com,Female
178,Dukie,Morteo,dmorteo4x@cornell.edu,Male
179,Clarance,Wellwood,cwellwood4y@wp.com,Male
180,Granger,Robardey,grobardey4z@slashdot.org,Male
181,Tatiania,Eversfield,teversfield50@chron.com,Female
182,Bryn,Conichie,bconichie51@goodreads.com,Male
183,Douglass,Wharby,dwharby52@msn.com,Male
184,Piper,Roll,proll53@blogtalkradio.com,Genderqueer
185,Arliene,Ferrario,aferrario54@yale.edu,Female
186,Easter,Kryszkiecicz,ekryszkiecicz55@prweb.com,Non-binary
187,Dalis,Knights,dknights56@pbs.org,Male
188,Renato,Berntssen,rberntssen57@friendfeed.com,Genderfluid
189,Alaric,Rouke,arouke58@google.it,Male
190,Jemmy,Arnaudi,jarnaudi59@skyrock.com,Female
191,Melodie,Jarrelt,mjarrelt5a@addthis.com,Female
192,Russ,Fagg,rfagg5b@wikimedia.org,Male
193,Alvinia,Powney,apowney5c@deviantart.com,Female
194,Conroy,O'Cannon,cocannon5d@w3.org,Male
195,Tabbitha,Dimitriades,tdimitriades5e@angelfire.com,Agender
196,Ichabod,Headley,iheadley5f@example.com,Genderqueer
197,Grayce,Seiter,gseiter5g@de.vu,Female
198,Lev,Althrop,lalthrop5h@tamu.edu,Male
199,Gery,Ebenezer,gebenezer5i@webmd.com,Male
200,Galvin,Regorz,gregorz5j@twitpic.com,Bigender
201,Tabbi,Lindbergh,tlindbergh5k@addtoany.com,Female
202,Stevana,Rishbrook,srishbrook5l@wordpress.org,Female
203,Charlean,Nardrup,cnardrup5m@nsw.gov.au,Female
204,Rhodie,Born,rborn5n@flavors.me,Female
205,Eleanora,Purnell,epurnell5o@simplemachines.org,Female
206,Gram,Akhurst,gakhurst5p@ca.gov,Male
207,Adriaens,Domerque,adomerque5q@examiner.com,Female
208,Sena,Ysson,sysson5r@google.com.br,Female
209,Cloe,Janczak,cjanczak5s@t-online.de,Female
210,Micheil,Gookey,mgookey5t@time.com,Male
211,Sollie,Larrett,slarrett5u@goodreads.com,Male
212,Lorant,Lindenboim,llindenboim5v@technorati.com,Agender
213,Lydie,Gottschalk,lgottschalk5w@psu.edu,Genderfluid
214,Margaux,Bowery,mbowery5x@comsenz.com,Female
215,Adrian,Fisher,afisher5y@google.co.jp,Male
216,Murvyn,Taffie,mtaffie5z@drupal.org,Male
217,Myrle,McEvon,mmcevon60@mac.com,Female
218,Jae,Pusey,jpusey61@ycombinator.com,Male
219,Chick,Biggadike,cbiggadike62@businessweek.com,Male
220,Early,Filpi,efilpi63@people.com.cn,Male
221,Reeba,Parlet,rparlet64@walmart.com,Female
222,Cedric,Cundey,ccundey65@harvard.edu,Male
223,Tadeo,Battill,tbattill66@mapquest.com,Male
224,Gaspard,Phillcox,gphillcox67@oaic.gov.au,Male
225,Hedi,Pasek,hpasek68@dyndns.org,Female
226,Stewart,Stobo,sstobo69@noaa.gov,Male
227,Lu,Hair,lhair6a@state.tx.us,Female
228,Maxwell,Hurleston,mhurleston6b@amazonaws.com,Male
229,Ettore,Lethby,elethby6c@gizmodo.com,Male
230,Basilio,Delue,bdelue6d@google.nl,Male
231,Myles,Honatsch,mhonatsch6e@springer.com,Male
232,Malachi,Willows,mwillows6f@arizona.edu,Male
233,Berty,Dauncey,bdauncey6g@wp.com,Female
234,Lombard,Pilkington,lpilkington6h@nhs.uk,Male
235,Muriel,Hugin,mhugin6i@freewebs.com,Female
236,Ad,Marrington,amarrington6j@youtu.be,Male
237,Julissa,Cuckoo,jcuckoo6k@bandcamp.com,Female
238,Vallie,Peacocke,vpeacocke6l@nih.gov,Female
239,Jonis,Cowup,jcowup6m@theatlantic.com,Female
240,Dietrich,McMillan,dmcmillan6n@alibaba.com,Genderqueer
241,Letizia,Basile,lbasile6o@squarespace.com,Female
242,Wynny,Pacht,wpacht6p@squidoo.com,Female
243,Prinz,Shearstone,pshearstone6q@elegantthemes.com,Male
244,Alberta,Bagworth,abagworth6r@hostgator.com,Female
245,Magda,De Souza,mdesouza6s@mlb.com,Female
246,Lauren,Harg,lharg6t@ow.ly,Female
247,Doralynne,Minerdo,dminerdo6u@independent.co.uk,Female
248,Marc,Edgett,medgett6v@goo.gl,Male
249,Margareta,Ashley,mashley6w@github.io,Female
250,Caryn,McCrum,cmccrum6x@tinyurl.com,Female
251,Hilton,Wye,hwye6y@sogou.com,Genderqueer
252,Bing,Pulfer,bpulfer6z@scientificamerican.com,Male
253,Barnabe,Okill,bokill70@salon.com,Genderfluid
254,Thedric,Grindle,tgrindle71@paypal.com,Male
255,Aggi,Veck,aveck72@army.mil,Female
256,Philippine,Noell,pnoell73@bloglines.com,Bigender
257,Clair,Clemenceau,cclemenceau74@marriott.com,Male
258,Carolina,Flann,cflann75@msu.edu,Female
259,Ginger,Deering,gdeering76@360.cn,Male
260,Redford,Lazar,rlazar77@discuz.net,Male
261,Morry,Fairhead,mfairhead78@ask.com,Male
262,Onfre,Melladew,omelladew79@reference.com,Male
263,Adara,Jon,ajon7a@printfriendly.com,Non-binary
264,Maxine,Gulleford,mgulleford7b@usnews.com,Non-binary
265,Carlo,Fayer,cfayer7c@msu.edu,Male
266,Araldo,Showl,ashowl7d@comcast.net,Male
267,Barris,Caveney,bcaveney7e@tinypic.com,Bigender
268,Granny,Christene,gchristene7f@acquirethisname.com,Male
269,Godfry,Fieldhouse,gfieldhouse7g@oracle.com,Male
270,Jeffie,Emmer,jemmer7h@vistaprint.com,Male
271,Paolo,Siemons,psiemons7i@slashdot.org,Male
272,Birch,Andriessen,bandriessen7j@t-online.de,Male
273,Kerr,Choat,kchoat7k@1688.com,Male
274,Wallis,Bouette,wbouette7l@people.com.cn,Male
275,Tammy,Boullin,tboullin7m@digg.com,Female
276,Raynell,Dyott,rdyott7n@theglobeandmail.com,Female
277,Grata,Dennerley,gdennerley7o@symantec.com,Female
278,Jerrilyn,Henzer,jhenzer7p@arizona.edu,Female
279,Suki,Gravenor,sgravenor7q@bloglines.com,Female
280,Saunderson,Wellesley,swellesley7r@seesaa.net,Male
281,Emmalynn,Fernan,efernan7s@house.gov,Female
282,Todd,Broomer,tbroomer7t@ifeng.com,Bigender
283,Belita,Carlsson,bcarlsson7u@umich.edu,Female
284,Sophia,Justice,sjustice7v@pagesperso-orange.fr,Female
285,Yoshiko,Brusby,ybrusby7w@marketwatch.com,Female
286,Petr,Tonepohl,ptonepohl7x@list-manage.com,Male
287,Carley,Reef,creef7y@rakuten.co.jp,Female
288,Arlen,Zmitruk,azmitruk7z@newsvine.com,Male
289,Bethina,Lippiatt,blippiatt80@washingtonpost.com,Female
290,Aland,Camber,acamber81@mapy.cz,Male
291,Tallie,Ivanyushin,tivanyushin82@walmart.com,Male
292,Zak,Daldry,zdaldry83@facebook.com,Male
293,Viv,Larwell,vlarwell84@amazon.com,Female
294,Datha,Flahive,dflahive85@123-reg.co.uk,Female
295,Fredi,McGillicuddy,fmcgillicuddy86@networkadvertising.org,Bigender
296,Berkly,Ravens,bravens87@ocn.ne.jp,Male
297,Arlie,Scates,ascates88@prlog.org,Female
298,Zebulen,Millwall,zmillwall89@dyndns.org,Male
299,Jecho,Rands,jrands8a@ted.com,Male
300,Nanine,Vauls,nvauls8b@slashdot.org,Female
301,Sukey,Jocic,sjocic8c@eepurl.com,Female
302,Lane,Tigner,ltigner8d@hud.gov,Bigender
303,Lil,Gottelier,lgottelier8e@forbes.com,Female
304,Laurianne,Hemms,lhemms8f@reuters.com,Female
305,Petra,Vogeler,pvogeler8g@alibaba.com,Female
306,Amelie,Yanukhin,ayanukhin8h@usatoday.com,Female
307,Tabatha,Gasker,tgasker8i@usa.gov,Female
308,Geraldine,Godfrey,ggodfrey8j@merriam-webster.com,Female
309,Everett,Hoys,ehoys8k@weather.com,Male
310,Chrisy,Basey,cbasey8l@cornell.edu,Male
311,Thom,Pillinger,tpillinger8m@ed.gov,Male
312,Clark,Mogenot,cmogenot8n@amazon.com,Male
313,Dulcy,Imason,dimason8o@behance.net,Female
314,Fee,Soitoux,fsoitoux8p@list-manage.com,Non-binary
315,Jose,Bradwell,jbradwell8q@loc.gov,Male
316,Nate,Gibbetts,ngibbetts8r@miibeian.gov.cn,Male
317,Holt,Belli,hbelli8s@domainmarket.com,Male
318,Valry,Hallad,vhallad8t@aol.com,Female
319,Maggie,Hastelow,mhastelow8u@netvibes.com,Female
320,Koenraad,Cancott,kcancott8v@webs.com,Male
321,Siusan,Tomisch,stomisch8w@guardian.co.uk,Female
322,Judd,Prinett,jprinett8x@issuu.com,Male
323,Ginevra,Richford,grichford8y@japanpost.jp,Female
324,Tilly,Ellerker,tellerker8z@census.gov,Non-binary
325,Elisabetta,Waterfield,ewaterfield90@discovery.com,Female
326,Broderick,MacPhaden,bmacphaden91@latimes.com,Male
327,Elmore,Cullinane,ecullinane92@aol.com,Male
328,Natividad,Gillebride,ngillebride93@linkedin.com,Female
329,Bronnie,Briscoe,bbriscoe94@globo.com,Agender
330,Quent,Lequeux,qlequeux95@wisc.edu,Male
331,Jacklyn,Sturton,jsturton96@smugmug.com,Female
332,Farlie,Rosindill,frosindill97@amazon.com,Male
333,Gusella,Sargerson,gsargerson98@smugmug.com,Female
334,Merwin,Bartlosz,mbartlosz99@cisco.com,Male
335,Carma,Dive,cdive9a@hatena.ne.jp,Female
336,Fara,Ivancevic,fivancevic9b@macromedia.com,Female
337,Lovell,Coviello,lcoviello9c@nytimes.com,Agender
338,Ware,McKnockiter,wmcknockiter9d@yale.edu,Male
339,Keary,Bellhouse,kbellhouse9e@ebay.com,Male
340,Lexi,Harridge,lharridge9f@accuweather.com,Female
341,Demetria,Melloy,dmelloy9g@hibu.com,Female
342,Shae,Ticic,sticic9h@businessweek.com,Female
343,Candie,Allcock,callcock9i@kickstarter.com,Female
344,Judah,Moyes,jmoyes9j@hexun.com,Male
345,Leroy,Prati,lprati9k@ucoz.com,Male
346,Jermain,Appleton,jappleton9l@newsvine.com,Male
347,Sabra,Mayes,smayes9m@bloomberg.com,Female
348,Fulton,Blois,fblois9n@aboutads.info,Male
349,Lodovico,Waycot,lwaycot9o@jigsy.com,Non-binary
350,Rosella,Sherrett,rsherrett9p@meetup.com,Female
351,Regan,Towhey,rtowhey9q@cafepress.com,Female
352,Elinor,Marris,emarris9r@opensource.org,Female
353,Lanie,Thorowgood,lthorowgood9s@statcounter.com,Female
354,Beverlee,Eronie,beronie9t@canalblog.com,Female
355,Oren,Beaford,obeaford9u@netscape.com,Male
356,Ruthann,Blackmore,rblackmore9v@cpanel.net,Female
357,Daven,Antonijevic,dantonijevic9w@wikia.com,Male
358,Dalli,Melburg,dmelburg9x@usatoday.com,Male
359,Colene,Fillimore,cfillimore9y@webeden.co.uk,Female
360,Isa,Ralfe,iralfe9z@cnn.com,Non-binary
361,Kendricks,Neeson,kneesona0@miitbeian.gov.cn,Male
362,Sayers,Huggard,shuggarda1@europa.eu,Male
363,Stacey,D'Errico,sderricoa2@marriott.com,Female
364,Lodovico,Iliff,liliffa3@cnet.com,Male
365,Concettina,Cereceres,ccereceresa4@deviantart.com,Female
366,Jonathon,Brookbank,jbrookbanka5@tuttocitta.it,Bigender
367,Lincoln,Simonson,lsimonsona6@scribd.com,Male
368,Carolina,Dyball,cdyballa7@answers.com,Female
369,Benedict,Woolhouse,bwoolhousea8@shop-pro.jp,Male
370,Suzann,Athow,sathowa9@feedburner.com,Female
371,Ethelind,Moniker,emonikeraa@chronoengine.com,Female
372,Nicolis,Fullard,nfullardab@live.com,Male
373,Pierce,Bringloe,pbringloeac@fema.gov,Male
374,Brook,Cess,bcessad@usda.gov,Female
375,Catlaina,Theriot,ctheriotae@nymag.com,Female
376,Petronia,MacCaffrey,pmaccaffreyaf@scientificamerican.com,Female
377,Norris,Cryer,ncryerag@sohu.com,Male
378,Bengt,Casperri,bcasperriah@java.com,Male
379,Lindsey,Birchenhead,lbirchenheadai@hostgator.com,Male
380,Geri,Featherbie,gfeatherbieaj@bandcamp.com,Male
381,Pancho,Rogliero,proglieroak@ameblo.jp,Male
382,Kip,Well,kwellal@godaddy.com,Male
383,Fitz,Grunwald,fgrunwaldam@samsung.com,Male
384,Erick,Taw,etawan@mozilla.org,Male
385,Chrissy,McNuff,cmcnuffao@answers.com,Male
386,Annemarie,De Antoni,adeantoniap@europa.eu,Female
387,Alaster,Clears,aclearsaq@amazon.de,Male
388,Felike,Dow,fdowar@washingtonpost.com,Male
389,Dusty,Lamperd,dlamperdas@comcast.net,Female
390,Filbert,Scurrell,fscurrellat@photobucket.com,Male
391,Charita,Arling,carlingau@dell.com,Female
392,Cyrill,Kilius,ckiliusav@gnu.org,Male
393,Cesare,Froschauer,cfroschaueraw@oaic.gov.au,Male
394,Obidiah,Paulley,opaulleyax@who.int,Male
395,Julie,Gladdish,jgladdishay@webnode.com,Female
396,Ezri,Crighton,ecrightonaz@netscape.com,Male
397,Alexandros,Dayne,adayneb0@adobe.com,Male
398,Wilhelm,Waddell,wwaddellb1@barnesandnoble.com,Male
399,Bay,Yewen,byewenb2@disqus.com,Male
400,Jasper,Saward,jsawardb3@discuz.net,Male
401,Stephen,Billingham,sbillinghamb4@nytimes.com,Male
402,Wilhelmine,Garmon,wgarmonb5@mashable.com,Female
403,Elora,Szapiro,eszapirob6@webs.com,Female
404,Tracie,Rubinlicht,trubinlichtb7@redcross.org,Male
405,Kip,Marsters,kmarstersb8@bloglines.com,Female
406,Lexi,Klemencic,lklemencicb9@msu.edu,Female
407,Ogdan,Kipling,okiplingba@oaic.gov.au,Male
408,Hadleigh,Veel,hveelbb@bravesites.com,Male
409,Leilah,O'Bruen,lobruenbc@oracle.com,Female
410,Shelby,Procter,sprocterbd@bing.com,Genderqueer
411,Pooh,Craddy,pcraddybe@github.com,Female
412,Lelah,Schober,lschoberbf@domainmarket.com,Female
413,Lannie,Preto,lpretobg@taobao.com,Male
414,Maurizio,Willford,mwillfordbh@woothemes.com,Male
415,Angelita,Harbisher,aharbisherbi@discuz.net,Female
416,Sabina,Osbaldeston,sosbaldestonbj@webmd.com,Female
417,Munroe,Gregor,mgregorbk@acquirethisname.com,Male
418,Lark,Duchasteau,lduchasteaubl@cnn.com,Female
419,Sallie,Jest,sjestbm@storify.com,Female
420,Edy,Bogue,eboguebn@netscape.com,Female
421,Denny,Northeast,dnortheastbo@squidoo.com,Female
422,Aloysia,Ruppele,aruppelebp@usda.gov,Female
423,Prentice,Relf,prelfbq@discovery.com,Male
424,Edi,MacDonald,emacdonaldbr@google.com.au,Genderfluid
425,Susannah,Behn,sbehnbs@scribd.com,Female
426,Bettina,Sherrock,bsherrockbt@ow.ly,Female
427,Lynnea,Hartley,lhartleybu@skype.com,Female
428,Niven,Pionter,npionterbv@si.edu,Non-binary
429,Mario,Rookesby,mrookesbybw@list-manage.com,Non-binary
430,Alisa,Bibb,abibbbx@com.com,Agender
431,Kizzie,Lineham,klinehamby@shutterfly.com,Female
432,Natty,Kondrat,nkondratbz@wikispaces.com,Female
433,Elvera,Tapscott,etapscottc0@spiegel.de,Female
434,Barbaraanne,Berre,bberrec1@pen.io,Female
435,Denis,Killford,dkillfordc2@tiny.cc,Male
436,Dyann,Skoof,dskoofc3@howstuffworks.com,Polygender
437,Immanuel,Kleanthous,ikleanthousc4@nsw.gov.au,Male
438,Lonnie,Houtbie,lhoutbiec5@ucla.edu,Female
439,Codi,Corkhill,ccorkhillc6@e-recht24.de,Female
440,Ynes,Kenrick,ykenrickc7@posterous.com,Female
441,Donnie,Rennocks,drennocksc8@china.com.cn,Female
442,Yetta,Campany,ycampanyc9@webnode.com,Female
443,Ibby,Rooms,iroomsca@ning.com,Female
444,Elliott,Cosin,ecosincb@mtv.com,Male
445,Maddie,Elrick,melrickcc@bluehost.com,Male
446,Leisha,Bushell,lbushellcd@europa.eu,Female
447,Ari,Mitchall,amitchallce@furl.net,Male
448,Adrianna,Decort,adecortcf@bbb.org,Female
449,Lucinda,Luberti,lluberticg@opera.com,Female
450,Shelby,Roelvink,sroelvinkch@globo.com,Female
451,Kessiah,Lequeux,klequeuxci@nyu.edu,Female
452,Frederico,Duffill,fduffillcj@spiegel.de,Male
453,Petronia,Clout,pcloutck@squarespace.com,Female
454,Harcourt,Styan,hstyancl@pen.io,Male
455,Marcellus,Gemelli,mgemellicm@mac.com,Male
456,Lelah,Greneham,lgrenehamcn@miibeian.gov.cn,Female
457,Siegfried,Haselgrove,shaselgroveco@house.gov,Male
458,Smith,Cacacie,scacaciecp@tuttocitta.it,Male
459,Maddie,Baudichon,mbaudichoncq@illinois.edu,Male
460,Gratia,Spickett,gspickettcr@people.com.cn,Non-binary
461,Stefano,Commander,scommandercs@springer.com,Male
462,Jeannie,Lewington,jlewingtonct@jigsy.com,Agender
463,Roshelle,Barlee,rbarleecu@cisco.com,Female
464,Cletus,Helliker,chellikercv@homestead.com,Male
465,Erna,Yurinov,eyurinovcw@narod.ru,Female
466,Brandtr,Barde,bbardecx@fema.gov,Male
467,Cari,Dullaghan,cdullaghancy@kickstarter.com,Female
468,Valdemar,Krook,vkrookcz@biglobe.ne.jp,Male
469,Blayne,Dallender,bdallenderd0@jugem.jp,Male
470,Yorke,Cosgreave,ycosgreaved1@biblegateway.com,Male
471,Pace,Gotfrey,pgotfreyd2@yolasite.com,Male
472,Akim,Thurlow,athurlowd3@usatoday.com,Male
473,Lilli,Todarini,ltodarinid4@mayoclinic.com,Female
474,Augy,Orneles,aornelesd5@amazonaws.com,Male
475,Creight,Flynn,cflynnd6@unblog.fr,Male
476,Marcelline,Walkden,mwalkdend7@cafepress.com,Female
477,Callie,Jancey,cjanceyd8@disqus.com,Female
478,Ethel,Smetoun,esmetound9@bloomberg.com,Female
479,Virgil,Moscon,vmosconda@google.de,Male
480,Abner,Harfoot,aharfootdb@example.com,Male
481,Tiffany,Vallerine,tvallerinedc@smh.com.au,Polygender
482,Vasili,Driffe,vdriffedd@fotki.com,Male
483,Harlan,McNeilley,hmcneilleyde@howstuffworks.com,Male
484,Enrico,Guisot,eguisotdf@admin.ch,Male
485,Bridgette,Cullinane,bcullinanedg@ask.com,Female
486,Gail,O'Downe,godownedh@cocolog-nifty.com,Male
487,Virgie,McGaughey,vmcgaugheydi@example.com,Female
488,Westley,Ryding,wrydingdj@amazon.com,Male
489,Barbabra,Sictornes,bsictornesdk@scribd.com,Female
490,Jacintha,Guilford,jguilforddl@ibm.com,Female
491,Barbe,McGiff,bmcgiffdm@mac.com,Female
492,Rena,Dixcey,rdixceydn@google.cn,Female
493,Noella,Antonchik,nantonchikdo@china.com.cn,Female
494,Cybill,McLae,cmclaedp@is.gd,Female
495,Royce,Summerside,rsummersidedq@goodreads.com,Male
496,Nicolea,MacCaffery,nmaccafferydr@admin.ch,Female
497,Obadias,Duplan,oduplands@tinyurl.com,Male
498,Gardiner,Elrick,gelrickdt@51.la,Male
499,Sheela,Semor,ssemordu@multiply.com,Female
500,Lon,Bauchop,lbauchopdv@bbb.org,Male
501,Ayn,Higginbottam,ahigginbottamdw@com.com,Female
502,Gavan,Gillard,ggillarddx@dion.ne.jp,Male
503,Waylan,Knath,wknathdy@mashable.com,Male
504,Emmery,Tomsett,etomsettdz@qq.com,Male
505,Ashely,Delve,adelvee0@cnbc.com,Female
506,Conan,Cotterill,ccotterille1@webnode.com,Male
507,Candide,Wabe,cwabee2@ucoz.ru,Female
508,Layney,Yoselevitch,lyoselevitche3@amazon.co.uk,Female
509,Zebulon,Sporrij,zsporrije4@amazon.co.jp,Male
510,Tori,Veillard,tveillarde5@arstechnica.com,Agender
511,Manya,Klammt,mklammte6@networkadvertising.org,Female
512,Pauli,Twamley,ptwamleye7@odnoklassniki.ru,Female
513,Barb,Yancey,byanceye8@wp.com,Polygender
514,Wallas,Silvers,wsilverse9@cnn.com,Male
515,Milli,Maddison,mmaddisonea@google.co.jp,Female
516,Chase,Hayller,chayllereb@salon.com,Male
517,Enoch,Hatherleigh,ehatherleighec@themeforest.net,Male
518,El,Collerd,ecollerded@typepad.com,Male
519,Maia,Isakowicz,misakowiczee@state.tx.us,Female
520,Maryl,Riba,mribaef@loc.gov,Genderfluid
521,Tiffani,Humphery,thumpheryeg@google.pl,Female
522,Sandy,Iggalden,siggaldeneh@usgs.gov,Female
523,Reeba,Berge,rbergeei@chronoengine.com,Female
524,Silvie,Redsell,sredsellej@nyu.edu,Genderfluid
525,Bell,Michiel,bmichielek@posterous.com,Genderqueer
526,Marcus,Boother,mbootherel@fastcompany.com,Male
527,Romonda,Binford,rbinfordem@so-net.ne.jp,Female
528,Vivien,Luckman,vluckmanen@stumbleupon.com,Female
529,Elnore,Tant,etanteo@walmart.com,Genderfluid
530,Maitilde,Lukes,mlukesep@constantcontact.com,Female
531,Dom,Axell,daxelleq@xrea.com,Male
532,Gerty,Hoyland,ghoylander@wisc.edu,Female
533,Dale,Clarson,dclarsones@auda.org.au,Agender
534,Cayla,Aimson,caimsonet@washingtonpost.com,Female
535,Lorette,Jurczak,ljurczakeu@home.pl,Female
536,Malina,Iacovelli,miacovelliev@gmpg.org,Female
537,Geralda,Brosio,gbrosioew@house.gov,Female
538,Salvatore,Craise,scraiseex@altervista.org,Male
539,Thayne,Baselli,tbaselliey@tumblr.com,Male
540,Rosco,Pownall,rpownallez@berkeley.edu,Male
541,Annette,Coghlan,acoghlanf0@ca.gov,Female
542,Iorgo,Pahl,ipahlf1@indiegogo.com,Male
543,Gaynor,Laverick,glaverickf2@theguardian.com,Female
544,Gwenore,Eakeley,geakeleyf3@ucsd.edu,Female
545,Aundrea,Halpin,ahalpinf4@ucsd.edu,Genderfluid
546,Aldric,Mayor,amayorf5@ow.ly,Male
547,Kev,Vicarey,kvicareyf6@ehow.com,Male
548,Bonny,O'Criane,bocrianef7@wufoo.com,Agender
549,Lenore,Beagan,lbeaganf8@histats.com,Female
550,Imogene,Barnewille,ibarnewillef9@hp.com,Female
551,Teressa,Bickers,tbickersfa@google.com.hk,Female
552,Faulkner,Silverwood,fsilverwoodfb@nsw.gov.au,Male
553,Glynis,Jaxon,gjaxonfc@icq.com,Non-binary
554,Urson,Deaton,udeatonfd@sbwire.com,Male
555,Celene,Tollfree,ctollfreefe@cpanel.net,Female
556,Ileane,Lavrick,ilavrickff@apple.com,Bigender
557,Elka,Rannie,eranniefg@wp.com,Female
558,Cassy,Swinerd,cswinerdfh@simplemachines.org,Female
559,Fabio,De Mitri,fdemitrifi@google.com.hk,Male
560,Leslie,Brittian,lbrittianfj@bing.com,Female
561,Ware,Patel,wpatelfk@livejournal.com,Male
562,Howard,Hambling,hhamblingfl@privacy.gov.au,Male
563,Leanor,Card,lcardfm@paginegialle.it,Female
564,Janaye,Auton,jautonfn@ca.gov,Female
565,Addie,Stone Fewings,astonefewingsfo@reverbnation.com,Male
566,Cesare,Londesborough,clondesboroughfp@ucsd.edu,Male
567,Madeline,Veal,mvealfq@diigo.com,Female
568,Benedetta,Sandiland,bsandilandfr@de.vu,Female
569,Silva,Strettle,sstrettlefs@slideshare.net,Agender
570,Sadye,Hunston,shunstonft@craigslist.org,Bigender
571,Daisey,Wainscoat,dwainscoatfu@msn.com,Female
572,Davida,Harler,dharlerfv@sun.com,Bigender
573,Jeane,Stedson,jstedsonfw@so-net.ne.jp,Female
574,Sigismundo,Bernolet,sbernoletfx@google.co.jp,Male
575,Boote,Ramm,brammfy@yellowpages.com,Genderfluid
576,Pauletta,Clutterham,pclutterhamfz@usgs.gov,Female
577,Christa,Delgado,cdelgadog0@blinklist.com,Female
578,Damara,Peffer,dpefferg1@macromedia.com,Female
579,Hubey,Yackiminie,hyackiminieg2@nydailynews.com,Male
580,Hans,Breakwell,hbreakwellg3@comcast.net,Male
581,Lurette,Juara,ljuarag4@ycombinator.com,Non-binary
582,Clary,McLemon,cmclemong5@statcounter.com,Female
583,Holly-anne,Mouland,hmoulandg6@economist.com,Female
584,Leyla,Goater,lgoaterg7@hexun.com,Female
585,Skyler,Tooze,stoozeg8@over-blog.com,Male
586,Catha,Redshaw,credshawg9@dmoz.org,Female
587,Llywellyn,Tarquini,ltarquiniga@amazon.co.uk,Bigender
588,Matilde,Abethell,mabethellgb@themeforest.net,Female
589,Peggi,Tanguy,ptanguygc@goo.ne.jp,Female
590,Ulrick,Knevit,uknevitgd@skype.com,Male
591,Viv,Broadberry,vbroadberryge@posterous.com,Female
592,Haleigh,Gouldstraw,hgouldstrawgf@geocities.jp,Genderqueer
593,Homere,Thomason,hthomasongg@lycos.com,Male
594,Tabina,Yglesia,tyglesiagh@yahoo.co.jp,Female
595,Sula,Mully,smullygi@cyberchimps.com,Female
596,Alene,Prudham,aprudhamgj@baidu.com,Female
597,Torrie,Skule,tskulegk@last.fm,Female
598,Hedwiga,Laugheran,hlaugherangl@multiply.com,Female
599,Caty,Gernier,cgerniergm@merriam-webster.com,Female
600,Lotty,Kolakovic,lkolakovicgn@alexa.com,Female
601,Shari,Breede,sbreedego@liveinternet.ru,Female
602,Odo,Station,ostationgp@imdb.com,Male
603,Dru,Gulley,dgulleygq@amazonaws.com,Male
604,Kaiser,Ogden,kogdengr@cmu.edu,Bigender
605,Phillipp,Gully,pgullygs@vk.com,Male
606,Ulrick,Glossup,uglossupgt@networksolutions.com,Male
607,Pernell,Hardingham,phardinghamgu@usda.gov,Male
608,Darlene,Corkan,dcorkangv@japanpost.jp,Female
609,Hildy,Ellingham,hellinghamgw@sfgate.com,Female
610,Silas,Casburn,scasburngx@so-net.ne.jp,Male
611,Jefferey,Kruschev,jkruschevgy@plala.or.jp,Male
612,Ramsay,Klossmann,rklossmanngz@facebook.com,Male
613,Reinald,Hauxley,rhauxleyh0@washington.edu,Male
614,Corny,Semple,csempleh1@yahoo.com,Male
615,Marjory,Warke,mwarkeh2@stanford.edu,Female
616,Broderick,Wards,bwardsh3@answers.com,Male
617,Abigail,Beswick,abeswickh4@gmpg.org,Female
618,Baxy,Eyton,beytonh5@comsenz.com,Male
619,Kitti,Sandever,ksandeverh6@jugem.jp,Female
620,Troy,Kleinfeld,tkleinfeldh7@tripadvisor.com,Male
621,Aaren,Ranvoise,aranvoiseh8@dailymotion.com,Female
622,Corena,Lockett,clocketth9@sun.com,Female
623,Linell,Dionisio,ldionisioha@taobao.com,Female
624,Viki,Baldam,vbaldamhb@unicef.org,Female
625,Klemens,Siseland,ksiselandhc@amazon.com,Male
626,Faye,Mouan,fmouanhd@upenn.edu,Female
627,Nada,Bare,nbarehe@boston.com,Female
628,Elvina,Emons,eemonshf@arizona.edu,Female
629,Nollie,Elletson,nelletsonhg@dropbox.com,Female
630,Cristiano,Joska,cjoskahh@furl.net,Male
631,Janie,Caygill,jcaygillhi@over-blog.com,Female
632,Goran,Woodstock,gwoodstockhj@harvard.edu,Male
633,Marinna,Ambrosetti,mambrosettihk@mapquest.com,Female
634,Billye,Gerssam,bgerssamhl@baidu.com,Non-binary
635,Odilia,Stare,ostarehm@ibm.com,Female
636,Suzanna,Rafter,srafterhn@youtube.com,Bigender
637,Charlena,Corps,ccorpsho@i2i.jp,Female
638,Emelia,Ovington,eovingtonhp@smugmug.com,Female
639,Hulda,O'Lahy,holahyhq@ehow.com,Female
640,Anderea,Geist,ageisthr@intel.com,Female
641,Gherardo,Cantua,gcantuahs@photobucket.com,Male
642,Dorisa,Abramovicz,dabramoviczht@umn.edu,Female
643,Munmro,Friend,mfriendhu@nymag.com,Male
644,Raff,Brumfitt,rbrumfitthv@imgur.com,Male
645,Aurora,Walcar,awalcarhw@icq.com,Female
646,Pernell,Wozencroft,pwozencrofthx@parallels.com,Male
647,Maryjo,Furber,mfurberhy@xrea.com,Female
648,Barny,Darbyshire,bdarbyshirehz@gmpg.org,Male
649,Jeno,Cassell,jcasselli0@youtube.com,Polygender
650,Camey,Freathy,cfreathyi1@sohu.com,Male
651,Tull,Conichie,tconichiei2@nps.gov,Male
652,Tiffani,Pykerman,tpykermani3@usnews.com,Female
653,Derrek,Peebles,dpeeblesi4@seattletimes.com,Male
654,Spenser,Dearlove,sdearlovei5@wordpress.org,Male
655,Killie,Aldwinckle,kaldwincklei6@github.com,Male
656,Cyrillus,Alabaster,calabasteri7@miibeian.gov.cn,Polygender
657,Filippo,Finicj,ffinicji8@opera.com,Male
658,Blisse,Cowton,bcowtoni9@list-manage.com,Female
659,Teirtza,Pattemore,tpattemoreia@geocities.jp,Agender
660,Aloysia,Rainard,arainardib@linkedin.com,Female
661,Tabor,Saltmarshe,tsaltmarsheic@photobucket.com,Bigender
662,Robyn,Gotliffe,rgotliffeid@wp.com,Non-binary
663,Pamela,Tudbald,ptudbaldie@hud.gov,Female
664,Opalina,Veale,ovealeif@mozilla.org,Female
665,Lorne,Armal,larmalig@nhs.uk,Male
666,Pierette,Cawsey,pcawseyih@bloglines.com,Female
667,Gabbi,Uppett,guppettii@nifty.com,Female
668,Newton,Rassell,nrassellij@buzzfeed.com,Male
669,Opaline,McCurtin,omccurtinik@wunderground.com,Female
670,Charisse,Seville,csevilleil@cbsnews.com,Female
671,Olivia,Gerrad,ogerradim@huffingtonpost.com,Female
672,Rickie,Ladon,rladonin@craigslist.org,Male
673,Obediah,Zucker,ozuckerio@studiopress.com,Male
674,Anson,Crank,acrankip@wunderground.com,Male
675,Mariana,Smouten,msmouteniq@ask.com,Female
676,Jennine,Olesen,jolesenir@t.co,Female
677,Paddy,Burleigh,pburleighis@rediff.com,Agender
678,Osbert,Message,omessageit@icq.com,Male
679,Margret,Baldick,mbaldickiu@omniture.com,Female
680,Paige,Connew,pconnewiv@i2i.jp,Male
681,Fernande,Vowles,fvowlesiw@vinaora.com,Female
682,Hildegarde,von Hagt,hvonhagtix@eepurl.com,Female
683,Brook,Menhci,bmenhciiy@163.com,Male
684,Coleman,Gentric,cgentriciz@loc.gov,Male
685,Griff,Dewick,gdewickj0@rakuten.co.jp,Genderqueer
686,Clemente,Dowbiggin,cdowbigginj1@e-recht24.de,Male
687,Helli,Upfold,hupfoldj2@sfgate.com,Female
688,Nahum,Sproul,nsproulj3@technorati.com,Polygender
689,Marleen,Chuter,mchuterj4@pcworld.com,Non-binary
690,Dallas,Benjefield,dbenjefieldj5@goodreads.com,Male
691,Emmalynn,Cregeen,ecregeenj6@etsy.com,Female
692,Staford,Irving,sirvingj7@mtv.com,Male
693,Kelley,Tinham,ktinhamj8@mail.ru,Male
694,Sibella,Abbett,sabbettj9@mac.com,Female
695,Ignacio,Bunker,ibunkerja@is.gd,Male
696,Regina,Lacasa,rlacasajb@weather.com,Polygender
697,Shaw,Coleiro,scoleirojc@yellowpages.com,Male
698,Haze,Maiklem,hmaiklemjd@yahoo.com,Male
699,Sheryl,Torri,storrije@china.com.cn,Female
700,Todd,Pavey,tpaveyjf@kickstarter.com,Male
701,Ezequiel,Raund,eraundjg@github.io,Male
702,Helen,Gidman,hgidmanjh@miitbeian.gov.cn,Agender
703,Eadmund,Lound,eloundji@boston.com,Male
704,Melly,Vivians,mviviansjj@msu.edu,Female
705,Heindrick,Forrington,hforringtonjk@statcounter.com,Male
706,Leon,Lushey,llusheyjl@example.com,Genderfluid
707,Nicol,Sommerled,nsommerledjm@youku.com,Male
708,Boony,Dablin,bdablinjn@smh.com.au,Male
709,Haven,Sibyllina,hsibyllinajo@businessweek.com,Male
710,Nikolaos,De Caville,ndecavillejp@si.edu,Male
711,Brew,Locock,blocockjq@slashdot.org,Male
712,Suzanna,Bissell,sbisselljr@godaddy.com,Bigender
713,Pyotr,Graver,pgraverjs@dropbox.com,Male
714,Dorine,Acosta,dacostajt@cnn.com,Female
715,Natalie,Maykin,nmaykinju@aol.com,Female
716,Marwin,Jackman,mjackmanjv@microsoft.com,Male
717,Siffre,Demelt,sdemeltjw@theatlantic.com,Genderfluid
718,Janot,Marshland,jmarshlandjx@tripadvisor.com,Female
719,Allyson,Shimwell,ashimwelljy@quantcast.com,Female
720,Lindy,Dodson,ldodsonjz@hud.gov,Male
721,Shelia,Momery,smomeryk0@plala.or.jp,Genderfluid
722,Glenn,Greenfield,ggreenfieldk1@vinaora.com,Male
723,Mile,Davison,mdavisonk2@msn.com,Male
724,Rurik,Motte,rmottek3@fastcompany.com,Male
725,Minta,Podd,mpoddk4@indiatimes.com,Female
726,Sanders,Chappell,schappellk5@howstuffworks.com,Male
727,Barnabas,McBain,bmcbaink6@tinypic.com,Male
728,Abbott,Pahl,apahlk7@wikipedia.org,Non-binary
729,Verine,Sabbins,vsabbinsk8@yale.edu,Agender
730,Vannie,Burras,vburrask9@ucoz.com,Female
731,Brena,Keane,bkeaneka@last.fm,Female
732,Travis,Blodgetts,tblodgettskb@soup.io,Male
733,Bernhard,Kimmel,bkimmelkc@huffingtonpost.com,Male
734,Ode,Bradford,obradfordkd@google.de,Male
735,Kamillah,Culbert,kculbertke@netscape.com,Female
736,Rolland,Binnell,rbinnellkf@mtv.com,Male
737,Franny,Soigne,fsoignekg@eepurl.com,Male
738,Alic,Figiovanni,afigiovannikh@eepurl.com,Male
739,Janos,Dunnett,jdunnettki@state.gov,Male
740,Kali,Viscovi,kviscovikj@zdnet.com,Female
741,Chelsey,Enns,cennskk@clickbank.net,Female
742,Anne-marie,Tremontana,atremontanakl@meetup.com,Female
743,Enoch,Mulryan,emulryankm@desdev.cn,Male
744,Layne,Broadis,lbroadiskn@nih.gov,Female
745,Paulie,Josef,pjosefko@businessweek.com,Female
746,Herculie,Gavaghan,hgavaghankp@multiply.com,Male
747,Dela,Stiger,dstigerkq@imageshack.us,Female
748,Ferdinand,Mapston,fmapstonkr@comsenz.com,Male
749,Linnet,Binning,lbinningks@zdnet.com,Female
750,Percival,Majury,pmajurykt@spotify.com,Male
751,Clem,Ramelot,cramelotku@loc.gov,Non-binary
752,Thomasin,Tennet,ttennetkv@webnode.com,Female
753,Diahann,Mannion,dmannionkw@drupal.org,Female
754,Allard,Mendez,amendezkx@stanford.edu,Polygender
755,Fulvia,Giberd,fgiberdky@berkeley.edu,Female
756,Elwira,Bebis,ebebiskz@freewebs.com,Female
757,Marlowe,Hingeley,mhingeleyl0@tinyurl.com,Male
758,Marilyn,Drake,mdrakel1@phoca.cz,Female
759,Marguerite,Mcettrick,mmcettrickl2@ow.ly,Female
760,Donella,Reubbens,dreubbensl3@youku.com,Female
761,Clarice,Tombs,ctombsl4@free.fr,Agender
762,Heinrick,Dodsworth,hdodsworthl5@reuters.com,Male
763,Kirby,Simcock,ksimcockl6@cisco.com,Genderfluid
764,Marla,Francello,mfrancellol7@google.cn,Female
765,Rozanna,Shrawley,rshrawleyl8@goodreads.com,Genderqueer
766,Matthias,Waudby,mwaudbyl9@diigo.com,Male
767,Muriel,Dunckley,mdunckleyla@boston.com,Female
768,Forbes,Kenningley,fkenningleylb@nature.com,Male
769,Peter,Hallgalley,phallgalleylc@smugmug.com,Male
770,Lise,Romaint,lromaintld@clickbank.net,Female
771,Naomi,Berceros,nbercerosle@pinterest.com,Female
772,Brendis,Langelay,blangelaylf@constantcontact.com,Male
773,Ashby,Book,abooklg@umich.edu,Male
774,Norbert,Thewless,nthewlesslh@arstechnica.com,Genderfluid
775,Junina,Stell,jstellli@bing.com,Female
776,Maurie,Mooring,mmooringlj@about.com,Male
777,Skip,Brandes,sbrandeslk@ocn.ne.jp,Male
778,Laryssa,Durnin,ldurninll@marriott.com,Female
779,Emilia,Pessold,epessoldlm@vimeo.com,Female
780,Daron,Stannis,dstannisln@indiatimes.com,Male
781,Penn,Barson,pbarsonlo@discuz.net,Male
782,Skylar,Deegan,sdeeganlp@cnet.com,Male
783,Tarah,Theseira,ttheseiralq@flavors.me,Female
784,Goldina,Brickett,gbrickettlr@unicef.org,Female
785,Kin,Gallanders,kgallandersls@blog.com,Male
786,Fancie,Greenhow,fgreenhowlt@ycombinator.com,Female
787,Goldina,Beaton,gbeatonlu@hostgator.com,Female
788,Edgard,Sell,eselllv@ucla.edu,Male
789,Sharona,Scholl,sscholllw@netvibes.com,Bigender
790,Theodoric,Stallebrass,tstallebrasslx@businesswire.com,Male
791,Winnie,Venn,wvennly@shinystat.com,Female
792,Lillis,Butterwick,lbutterwicklz@fc2.com,Female
793,Seymour,Meachem,smeachemm0@hhs.gov,Male
794,Felicio,Vinten,fvintenm1@aboutads.info,Male
795,Dougy,Quelch,dquelchm2@youtu.be,Male
796,Shanta,Wogdon,swogdonm3@liveinternet.ru,Female
797,Leroy,Kleinhaus,lkleinhausm4@eepurl.com,Male
798,Teodor,Rraundl,trraundlm5@google.com.au,Male
799,Audrye,Emlin,aemlinm6@irs.gov,Female
800,Heidie,Aliman,halimanm7@house.gov,Female
801,Karena,Adrienne,kadriennem8@bloglovin.com,Female
802,Franchot,Doldon,fdoldonm9@cornell.edu,Genderqueer
803,Dominick,Metrick,dmetrickma@accuweather.com,Male
804,Beret,Bischoff,bbischoffmb@godaddy.com,Female
805,Augusta,Denis,adenismc@uol.com.br,Genderqueer
806,Corbin,Grennan,cgrennanmd@hhs.gov,Male
807,Velma,Gales,vgalesme@angelfire.com,Female
808,Jennifer,Matyja,jmatyjamf@virginia.edu,Female
809,Lita,Ericssen,lericssenmg@unblog.fr,Female
810,Garvin,Hrihorovich,ghrihorovichmh@merriam-webster.com,Male
811,Cary,Davidge,cdavidgemi@nyu.edu,Male
812,Birgit,MacGebenay,bmacgebenaymj@tripod.com,Female
813,Allix,Waddington,awaddingtonmk@ustream.tv,Female
814,Cristian,Mayoh,cmayohml@parallels.com,Male
815,Roseann,Bohan,rbohanmm@webeden.co.uk,Female
816,Verney,Klesse,vklessemn@weibo.com,Male
817,Yasmin,Tarbett,ytarbettmo@ycombinator.com,Female
818,Alano,Darke,adarkemp@hostgator.com,Male
819,Vevay,Osanne,vosannemq@topsy.com,Female
820,Dill,Wheeliker,dwheelikermr@hostgator.com,Male
821,Ray,Long,rlongms@xrea.com,Female
822,Jourdan,Croneen,jcroneenmt@fotki.com,Female
823,Bernard,Djurdjevic,bdjurdjevicmu@sun.com,Male
824,Creigh,Duggan,cdugganmv@washingtonpost.com,Male
825,Teresita,Butterly,tbutterlymw@amazon.com,Female
826,Gannon,Romain,gromainmx@huffingtonpost.com,Genderqueer
827,Emylee,Dady,edadymy@storify.com,Genderqueer
828,Sella,O'Cleary,soclearymz@cbslocal.com,Female
829,Chan,Keymar,ckeymarn0@ifeng.com,Male
830,Krista,Lackinton,klackintonn1@mysql.com,Female
831,Retha,Duffett,rduffettn2@goo.ne.jp,Female
832,Kaye,Nalder,knaldern3@hao123.com,Female
833,Gerry,Jodlkowski,gjodlkowskin4@cbc.ca,Male
834,Ulrick,Sandilands,usandilandsn5@youtu.be,Male
835,Joanie,Penn,jpennn6@virginia.edu,Female
836,Rosella,Milligan,rmilligann7@statcounter.com,Female
837,Eleni,Cloney,ecloneyn8@prnewswire.com,Female
838,Huntley,Poulney,hpoulneyn9@shinystat.com,Male
839,Alberto,Slora,aslorana@cbsnews.com,Male
840,Jerome,Shemelt,jshemeltnb@printfriendly.com,Male
841,Berny,MacUchadair,bmacuchadairnc@google.pl,Male
842,Elly,Collinette,ecollinettend@state.gov,Female
843,Raynor,Crowdy,rcrowdyne@nbcnews.com,Male
844,Gustaf,Corsar,gcorsarnf@com.com,Male
845,Anne-marie,Katt,akattng@archive.org,Female
846,Udall,Fairfoul,ufairfoulnh@economist.com,Male
847,Felicia,Mattei,fmatteini@irs.gov,Female
848,Decca,Gowlett,dgowlettnj@exblog.jp,Male
849,Morgana,Bygrove,mbygrovenk@craigslist.org,Female
850,Wallis,Ilott,wilottnl@reuters.com,Genderqueer
851,Margie,Brandone,mbrandonenm@creativecommons.org,Female
852,Zelma,Goddard,zgoddardnn@cnn.com,Female
853,Elroy,Baumann,ebaumannno@opensource.org,Male
854,Margarette,Addey,maddeynp@barnesandnoble.com,Female
855,Hallie,Launder,hlaundernq@issuu.com,Female
856,Audie,Lindro,alindronr@qq.com,Female
857,Kelcy,Hammell,khammellns@cdbaby.com,Non-binary
858,Caro,Hundey,chundeynt@prnewswire.com,Female
859,Noella,Stanfield,nstanfieldnu@nationalgeographic.com,Female
860,Dionne,Pappi,dpappinv@state.gov,Female
861,Robbie,Dingate,rdingatenw@aboutads.info,Male
862,Marlow,Biskupek,mbiskupeknx@nhs.uk,Male
863,Gwynne,Chiverstone,gchiverstoneny@networksolutions.com,Female
864,Ulrick,Outerbridge,uouterbridgenz@mlb.com,Male
865,Elia,Lohan,elohano0@samsung.com,Male
866,Charil,Werner,cwernero1@blogger.com,Female
867,Florella,Cradduck,fcradducko2@nba.com,Female
868,Ermengarde,Slopier,eslopiero3@forbes.com,Female
869,Standford,Beaconsall,sbeaconsallo4@tinyurl.com,Male
870,Filippa,Drury,fdruryo5@guardian.co.uk,Female
871,Shalne,Brombell,sbrombello6@woothemes.com,Female
872,Calley,Espinosa,cespinosao7@seattletimes.com,Female
873,Blayne,Bensusan,bbensusano8@nasa.gov,Male
874,Con,MacCallam,cmaccallamo9@ocn.ne.jp,Polygender
875,Skipper,Grisewood,sgrisewoodoa@yellowbook.com,Male
876,Rorie,Franzewitch,rfranzewitchob@globo.com,Bigender
877,Orin,Riedel,oriedeloc@godaddy.com,Genderfluid
878,Letti,Greatbatch,lgreatbatchod@spiegel.de,Female
879,Elfrieda,Littledyke,elittledykeoe@bbb.org,Female
880,Britta,Lansly,blanslyof@cbslocal.com,Female
881,Quinlan,Wedmore,qwedmoreog@vimeo.com,Male
882,Phillipp,Bomfield,pbomfieldoh@plala.or.jp,Male
883,Rob,Duran,rduranoi@godaddy.com,Male
884,Tobias,Folomin,tfolominoj@t-online.de,Male
885,Adelheid,Blasio,ablasiook@squidoo.com,Female
886,Burg,Bohje,bbohjeol@jugem.jp,Male
887,Lynnelle,Grzelewski,lgrzelewskiom@hao123.com,Female
888,Wadsworth,Nyles,wnyleson@twitter.com,Male
889,Lizzie,Chadd,lchaddoo@cocolog-nifty.com,Female
890,Otto,Saiens,osaiensop@virginia.edu,Male
891,Ericka,Bescoby,ebescobyoq@hexun.com,Female
892,Louisette,Druce,ldruceor@globo.com,Genderqueer
893,Sherri,Bento,sbentoos@amazon.co.uk,Female
894,Adan,Way,awayot@etsy.com,Female
895,Gladi,Nunn,gnunnou@miitbeian.gov.cn,Female
896,Witty,Briztman,wbriztmanov@hp.com,Male
897,Beatrix,Sawle,bsawleow@nps.gov,Female
898,Melli,Barge,mbargeox@harvard.edu,Female
899,Gerrard,Cousins,gcousinsoy@cnn.com,Male
900,Frank,Dutton,fduttonoz@cbslocal.com,Male
901,Rip,Back,rbackp0@telegraph.co.uk,Agender
902,Loise,Fuentez,lfuentezp1@zdnet.com,Female
903,Wendi,Hunnywell,whunnywellp2@hao123.com,Female
904,Cchaddie,Fison,cfisonp3@google.com.au,Male
905,Holden,Ventom,hventomp4@desdev.cn,Male
906,Philly,Cearley,pcearleyp5@wufoo.com,Female
907,James,Clemitt,jclemittp6@artisteer.com,Male
908,Alasdair,Bartalin,abartalinp7@umn.edu,Male
909,Rancell,La Grange,rlagrangep8@cnn.com,Male
910,Yard,Humberston,yhumberstonp9@redcross.org,Male
911,Dolly,MacIver,dmaciverpa@hexun.com,Female
912,Iggie,Robardey,irobardeypb@dyndns.org,Male
913,Kurt,Trowsdale,ktrowsdalepc@ifeng.com,Male
914,Sinclair,Cloy,scloypd@hubpages.com,Male
915,Greg,Smallpeice,gsmallpeicepe@naver.com,Male
916,Catlin,Slowgrove,cslowgrovepf@alexa.com,Female
917,Nial,Spykings,nspykingspg@phoca.cz,Agender
918,Phyllys,Mincini,pminciniph@networkadvertising.org,Female
919,Frasco,Messham,fmesshampi@storify.com,Male
920,Alia,Pennino,apenninopj@archive.org,Female
921,Jeffy,Brashaw,jbrashawpk@accuweather.com,Male
922,Alphard,Locard,alocardpl@list-manage.com,Male
923,Wheeler,Christaeas,wchristaeaspm@archive.org,Genderfluid
924,Maxi,Mansel,mmanselpn@foxnews.com,Female
925,Costa,Zoren,czorenpo@accuweather.com,Genderfluid
926,Dory,Kennerknecht,dkennerknechtpp@mail.ru,Male
927,Stearn,Budge,sbudgepq@latimes.com,Male
928,Rutledge,Stockman,rstockmanpr@webeden.co.uk,Male
929,Hedda,McCree,hmccreeps@prlog.org,Female
930,Stephan,Gussie,sgussiept@istockphoto.com,Male
931,Anni,Hryskiewicz,ahryskiewiczpu@ycombinator.com,Female
932,Avis,Kloisner,akloisnerpv@thetimes.co.uk,Female
933,Tabbatha,Marquez,tmarquezpw@ucsd.edu,Female
934,Gray,Lecordier,glecordierpx@msn.com,Male
935,Justin,Everard,jeverardpy@theguardian.com,Male
936,Silvana,Najara,snajarapz@economist.com,Female
937,Kellina,McGeown,kmcgeownq0@microsoft.com,Female
938,Michel,Gennrich,mgennrichq1@blogs.com,Female
939,Aile,Livesay,alivesayq2@washington.edu,Genderfluid
940,Madelina,Cruikshank,mcruikshankq3@wikia.com,Female
941,Cloris,Szymonwicz,cszymonwiczq4@blogspot.com,Female
942,Daniele,O' Kelleher,dokelleherq5@abc.net.au,Female
943,Heindrick,Cork,hcorkq6@hc360.com,Male
944,Percival,Scopham,pscophamq7@surveymonkey.com,Male
945,Davida,Taree,dtareeq8@bbb.org,Female
946,Audy,Godbald,agodbaldq9@discovery.com,Polygender
947,Marley,M'Chirrie,mmchirrieqa@cbsnews.com,Genderfluid
948,Cordey,Mathwin,cmathwinqb@ustream.tv,Female
949,Carmon,Tidbury,ctidburyqc@cbsnews.com,Genderqueer
950,Shane,Dreger,sdregerqd@time.com,Male
951,Richmond,Orr,rorrqe@quantcast.com,Male
952,Arlyne,Izsak,aizsakqf@elegantthemes.com,Female
953,Kimberli,Woltering,kwolteringqg@rediff.com,Female
954,Leyla,Danielkiewicz,ldanielkiewiczqh@yellowpages.com,Female
955,Gherardo,Matityahu,gmatityahuqi@tmall.com,Male
956,Judd,Cathery,jcatheryqj@example.com,Male
957,Fabio,Desesquelle,fdesesquelleqk@miitbeian.gov.cn,Male
958,Terry,Hallor,thallorql@merriam-webster.com,Male
959,Ema,McPhelimy,emcphelimyqm@naver.com,Female
960,Willette,Hulson,whulsonqn@cocolog-nifty.com,Female
961,Herc,Eathorne,heathorneqo@macromedia.com,Male
962,Dex,Trimbey,dtrimbeyqp@mit.edu,Male
963,Frederic,Sleeman,fsleemanqq@nytimes.com,Male
964,Kaleb,Boon,kboonqr@last.fm,Male
965,Alvinia,Kynaston,akynastonqs@msn.com,Female
966,Haze,Pepye,hpepyeqt@upenn.edu,Male
967,Oran,Castillou,ocastillouqu@reference.com,Male
968,Sula,Dorrins,sdorrinsqv@ehow.com,Female
969,Phillie,Fratczak,pfratczakqw@bandcamp.com,Female
970,Timmie,Kestle,tkestleqx@apache.org,Bigender
971,Skipper,Bastistini,sbastistiniqy@ihg.com,Male
972,Palm,Bavage,pbavageqz@spiegel.de,Male
973,Wini,Cossey,wcosseyr0@jimdo.com,Female
974,Philbert,Skaife d'Ingerthorpe,pskaifedingerthorper1@biglobe.ne.jp,Male
975,Aline,Dawid,adawidr2@noaa.gov,Female
976,Kaleb,Herrema,kherremar3@nbcnews.com,Male
977,Evy,Fallen,efallenr4@businessinsider.com,Female
978,King,Fox,kfoxr5@mysql.com,Male
979,Jenelle,Salzburger,jsalzburgerr6@github.io,Female
980,Curtis,Utteridge,cutteridger7@addthis.com,Male
981,Neall,Hanmer,nhanmerr8@aboutads.info,Male
982,Ambrose,MacQuarrie,amacquarrier9@chron.com,Male
983,Darb,Beart,dbeartra@flickr.com,Female
984,Alastair,Massimo,amassimorb@miitbeian.gov.cn,Genderfluid
985,Bea,Wrotchford,bwrotchfordrc@sogou.com,Female
986,Cedric,Sea,cseard@globo.com,Male
987,Nels,Bacop,nbacopre@zdnet.com,Male
988,Trumaine,Langforth,tlangforthrf@amazon.co.uk,Male
989,Gawen,Forshaw,gforshawrg@indiatimes.com,Male
990,Faber,Wondraschek,fwondraschekrh@skype.com,Male
991,Bengt,Guesford,bguesfordri@mayoclinic.com,Non-binary
992,Maximilianus,Challin,mchallinrj@oaic.gov.au,Male
993,Matthaeus,Vittet,mvittetrk@cdbaby.com,Male
994,Gabey,Hobbema,ghobbemarl@chron.com,Female
995,Hortensia,Benz,hbenzrm@goo.ne.jp,Female
996,Bond,Tabb,btabbrn@google.com.au,Male
997,Rodge,Jeppe,rjeppero@squidoo.com,Male
998,Corinne,MacAllan,cmacallanrp@wunderground.com,Female
999,Cedric,Digginson,cdigginsonrq@lycos.com,Male
1000,Clari,Nettles,cnettlesrr@cdbaby.com,Female
